<?xml version="1.0" encoding="UTF-8"?>
<beans xmlns="http://www.springframework.org/schema/beans"
	xmlns:xsi="http://www.w3.org/2001/XMLSchema-instance"
	xmlns:context="http://www.springframework.org/schema/context"
	xmlns:p="http://www.springframework.org/schema/p"
	xmlns:tx="http://www.springframework.org/schema/tx"
	xsi:schemaLocation="http://www.springframework.org/schema/beans http://www.springframework.org/schema/beans/spring-beans.xsd
		http://www.springframework.org/schema/context http://www.springframework.org/schema/context/spring-context.xsd
		http://www.springframework.org/schema/tx http://www.springframework.org/schema/tx/spring-tx.xsd">

	<!-- supply loc -->
	<context:property-placeholder
		location="classpath:/database.properties" />
	<!-- DS bean -->
	<bean id="dataSource"
		class="org.apache.commons.dbcp2.BasicDataSource"
		p:driverClassName="${jdbc.driver}" p:url="${jdbc.url}"
		p:username="${jdbc.username}" p:password="${jdbc.password}"
		p:initialSize="1" p:maxTotal="2" destroy-method="close">
	</bean>
	<!-- configure Hibernate 5 specific local session factory bean -->
	<bean id="sessionFactory"
		class="org.springframework.orm.hibernate5.LocalSessionFactoryBean"
		p:packagesToScan="com.sunbeam.entities" p:dataSource-ref="dataSource">
		<property name="hibernateProperties">
			<value>
				hibernate.show_sql=true
				hibernate.hbm2ddl.auto=update
				hibernate.dialect=org.hibernate.dialect.MySQL8Dialect

			</value>
		</property>
	</bean>
	<!-- configure tx mgr bean -->
	<bean id="transactionManager"
		class="org.springframework.orm.hibernate5.HibernateTransactionManager"
		p:sessionFactory-ref="sessionFactory">
	</bean>
	<!-- enable tx annotation suuport -->
	<tx:annotation-driven />

</beans>
