<?xml version="1.0" encoding="UTF-8"?>
<beans xmlns="http://www.springframework.org/schema/beans"
	xmlns:xsi="http://www.w3.org/2001/XMLSchema-instance"
	xsi:schemaLocation="http://www.springframework.org/schema/beans http://www.springframework.org/schema/beans/spring-beans.xsd">
	<!-- dependency bean config -->
	<!-- singleton n eager -->
	<bean id="eng" class="dependency.EnglishTeacher" />
	<!-- singleton n lazy id=maths -->
	<bean id="maths" class="dependency.MathsTeacher" lazy-init="true" />
	<!-- id=sc , prototype -->
	<bean id="sc" class="dependency.ScienceTeacher" scope="prototype" />
	<!-- cricket , prototype -->
	<bean id="cricket" class="dependency.CricketCoach"
		scope="prototype" />
	<!-- swimming , singleton n eager -->
	<bean id="swimming" class="dependency.SwimmingCoach" />
	<!-- football , singleton n lazy -->
	<bean id="football" class="dependency.FootballCoach"
		lazy-init="true" />
	<!-- dependent bean , id=my_school singleton n eager -->
	<bean id="my_school" class="dependent.PublicSchool"
		init-method="anyInit" destroy-method="anyDestroy"
		factory-method="myFactoryMethod">
		<!-- for Factory method based D.I , using sc teacher -->
		<constructor-arg name="teacher123" ref="sc" />
		<!-- for Factory method based D.I , using football coach -->
		<constructor-arg name="myCoach1" ref="football" />
	</bean>


</beans>
