<?xml version="1.0" encoding="UTF-8"?>

  <!DOCTYPE hibernate-configuration PUBLIC
    "-//Hibernate/Hibernate Configuration DTD//EN"
    "http://www.hibernate.org/dtd/hibernate-configuration-3.0.dtd">

<hibernate-configuration>

	<session-factory>
		<property name="hibernate.connection.autocommit">false</property>
		<property name="hibernate.connection.driver_class">com.mysql.cj.jdbc.Driver</property>
		<property name="hibernate.connection.password">root</property>
		<property name="hibernate.connection.url">jdbc:mysql://localhost:3306/adv_java?createDatabaseIfNotExist=true&amp;useSSL=false&amp;allowPublicKeyRetrieval=true</property>
		<property name="hibernate.connection.username">root</property>
		<property name="hibernate.dialect">org.hibernate.dialect.MySQLDialect</property>
		<property name="hibernate.current_session_context_class">thread</property>
		<property name="hibernate.connection.pool_size">10</property>
		<property name="hibernate.show_sql">true</property>		
		<property name="hibernate.hbm2ddl.auto">update</property>
		<!-- add mapping entry per entity  -->		
		<mapping class="com.sunbeam.entities.User"/>		
	</session-factory>
</hibernate-configuration>
